{
    "accuracy": [
        0.9757105943152454
    ],
    "loss": [
        0
    ],
    "macro_f1": [
        0.9528188689691655
    ],
    "weighted_f1": [
        0.9754330559943996
    ],
    "kappa": [
        0.9681672303434018
    ]
}