{
    "accuracy": [
        0.7897202764763186
    ],
    "loss": [
        0
    ],
    "macro_f1": [
        0.5683797371157895
    ],
    "weighted_f1": [
        0.7984053590326878
    ],
    "kappa": [
        0.7041466878343019
    ]
}