{
    "accuracy": [
        0.9370867561610899
    ],
    "loss": [
        0
    ],
    "macro_f1": [
        0.8586570687910099
    ],
    "weighted_f1": [
        0.936065009624305
    ],
    "kappa": [
        0.9179281468579402
    ]
}