{
    "accuracy": [
        0.2238117212736502
    ],
    "loss": [
        0
    ],
    "macro_f1": [
        0.20531596751095957
    ],
    "weighted_f1": [
        0.2108274810830235
    ],
    "kappa": [
        0.12101907237595044
    ]
}