{
    "accuracy": [
        0.4859413611166767
    ],
    "loss": [
        0
    ],
    "macro_f1": [
        0.36978335645185834
    ],
    "weighted_f1": [
        0.5052441871387858
    ],
    "kappa": [
        0.38506258772643587
    ]
}